date,adjusted_close_usd
2016-07-01,49.537883758544922
2016-07-05,49.256381988525391
2016-07-06,49.473373413085938
2016-07-07,49.537883758544922
2016-07-08,50.194732666015625
2016-07-11,50.224044799804688
2016-07-12,50.364795684814453
2016-07-13,50.218162536621094
2016-07-14,50.317867279052734
2016-07-15,50.218162536621094
2016-07-18,50.388233184814453
2016-07-19,50.253341674804688
2016-07-20,50.382400512695313
2016-07-21,50.31201171875
2016-07-22,50.53485107421875
2016-07-25,50.294467926025391
2016-07-26,50.100879669189453
2016-07-27,50.253341674804688
2016-07-28,50.042243957519531
2016-07-29,50.089168548583984
2016-08-01,49.808147430419922
2016-08-02,49.737476348876953
2016-08-03,49.9613037109375
2016-08-04,50.279396057128906
2016-08-05,50.391376495361328
2016-08-08,50.597549438476563
2016-08-09,50.774257659912109
2016-08-10,50.680019378662109
2016-08-11,50.803737640380859
2016-08-12,50.844940185546875
2016-08-15,50.998138427734375
2016-08-16,50.892074584960938
2016-08-17,50.962787628173828
2016-08-18,51.163078308105469
2016-08-19,51.009910583496094
2016-08-22,50.927459716796875
2016-08-23,51.098243713378906
2016-08-24,50.956901550292969
2016-08-25,51.0511474609375
2016-08-26,50.992218017578125
2016-08-29,51.245536804199219
2016-08-30,51.274990081787109
2016-08-31,51.074710845947266
2016-09-01,51.175857543945313
2016-09-02,51.412490844726563
2016-09-06,51.4716796875
2016-09-07,51.329715728759766
2016-09-08,51.235042572021491
2016-09-09,50.743976593017578
2016-09-12,50.921501159667969
2016-09-13,50.531002044677734
2016-09-14,50.519157409667969
2016-09-15,50.814979553222656
2016-09-16,50.826816558837891
2016-09-19,50.856407165527344
2016-09-20,50.797237396240234
2016-09-21,51.21728515625
2016-09-22,51.388862609863281
2016-09-23,51.329715728759766
2016-09-26,51.104907989501953
2016-09-27,51.252792358398438
2016-09-28,51.595928192138672
2016-09-29,51.400684356689453
2016-09-30,51.625495910644531
2016-10-03,51.593421936035149
2016-10-04,51.504291534423828
2016-10-05,51.640926361083984
2016-10-06,51.670680999755859
2016-10-07,51.789543151855469
2016-10-10,51.938117980957031
2016-10-11,51.646903991699219
2016-10-12,51.629066467285149
2016-10-13,51.498363494873047
2016-10-14,51.6171989440918
2016-10-17,51.5458984375
2016-10-18,51.753875732421875
2016-10-19,51.902427673339837
2016-10-20,51.908390045166016
2016-10-21,51.9202766418457
2016-10-24,51.949981689453125
2016-10-25,51.9202766418457
2016-10-26,51.712272644042969
2016-10-27,51.522109985351563
2016-10-28,51.272533416748047
2016-10-31,51.118007659912109
2016-11-01,50.918628692626953
2016-11-02,50.691795349121094
2016-11-03,50.703742980957031
2016-11-04,50.727634429931641
2016-11-07,51.437992095947266
2016-11-08,51.3245849609375
2016-11-09,50.966423034667969
2016-11-10,50.297855377197266
2016-11-11,49.826244354248047
2016-11-14,50.196342468261719
2016-11-15,50.858963012695313
2016-11-16,50.655986785888672
2016-11-17,50.518692016601563
2016-11-18,50.518692016601563
2016-11-21,50.924625396728509
2016-11-22,51.300682067871094
2016-11-23,51.10968017578125
2016-11-25,51.175331115722656
2016-11-28,51.169361114501953
2016-11-29,51.103687286376953
2016-11-30,51.1275749206543
2016-12-01,50.888320922851563
2016-12-02,51.194126129150391
2016-12-05,51.3260612487793
2016-12-06,51.583892822265625
2016-12-07,51.841690063476563
2016-12-08,51.835716247558594
2016-12-09,51.859687805175781
2016-12-12,51.7877311706543
2016-12-13,51.913654327392578
2016-12-14,51.523918151855469
2016-12-15,51.547874450683594
2016-12-16,51.595863342285149
2016-12-19,51.727760314941406
2016-12-20,51.799736022949219
2016-12-21,51.889644622802734
2016-12-22,52.001567840576172
2016-12-23,52.097816467285149
2016-12-27,52.049697875976563
2016-12-28,51.977481842041016
2016-12-29,52.049697875976563
2016-12-30,52.067752838134766
2017-01-03,52.284305572509766
2017-01-04,52.5670280456543
2017-01-05,52.488861083984375
2017-01-06,52.476821899414063
2017-01-09,52.464790344238281
2017-01-10,52.470844268798828
2017-01-11,52.500877380371094
2017-01-12,52.512912750244141
2017-01-13,52.530971527099609
2017-01-17,52.476821899414063
2017-01-18,52.524955749511719
2017-01-19,52.356517791748047
2017-01-20,52.458793640136719
2017-01-23,52.458793640136719
2017-01-24,52.494880676269531
2017-01-25,52.681369781494141
2017-01-26,52.657318115234375
2017-01-27,52.705436706542969
2017-01-30,52.597141265869141
2017-01-31,52.542991638183594
2017-02-01,52.737552642822266
2017-02-02,52.76776123046875
2017-02-03,52.858413696289063
2017-02-06,52.822170257568359
2017-02-07,52.743602752685547
2017-02-08,52.77984619140625
2017-02-09,52.852359771728509
2017-02-10,52.888641357421875
2017-02-13,52.967159271240234
2017-02-14,53.0034294128418
2017-02-15,53.021564483642578
2017-02-16,52.979278564453125
2017-02-17,53.033653259277344
2017-02-21,53.2088737487793
2017-02-22,53.233047485351563
2017-02-23,53.281410217285149
2017-02-24,53.323722839355469
2017-02-27,53.390113830566406
2017-02-28,53.347831726074219
2017-03-01,53.544471740722656
2017-03-02,53.374534606933594
2017-03-03,53.398807525634766
2017-03-06,53.228912353515625
2017-03-07,52.882961273193359
2017-03-08,52.531005859375
2017-03-09,52.391395568847656
2017-03-10,52.373165130615234
2017-03-13,52.415679931640625
2017-03-14,52.257869720458984
2017-03-15,52.980072021484375
2017-03-16,52.828376770019531
2017-03-17,52.846588134765625
2017-03-20,52.743381500244141
2017-03-21,52.367145538330078
2017-03-22,52.494548797607422
2017-03-23,52.512775421142578
2017-03-24,52.694847106933594
2017-03-27,52.640235900878906
2017-03-28,52.931552886962891
2017-03-29,53.040775299072266
2017-03-30,53.289566040039063
2017-03-31,53.271366119384766
2017-04-03,53.242748260498047
2017-04-04,53.261039733886719
2017-04-05,53.218345642089837
2017-04-06,53.285400390625
2017-04-07,53.261039733886719
2017-04-10,53.334190368652344
2017-04-11,53.230541229248047
2017-04-12,53.267108917236328
2017-04-13,53.157398223876953
2017-04-17,53.315872192382813
2017-04-18,53.303691864013672
2017-04-19,53.254924774169922
2017-04-20,53.431663513183594
2017-04-21,53.388988494873047
2017-04-24,53.638893127441406
2017-04-25,53.736385345458984
2017-04-26,53.687641143798828
2017-04-27,53.724193572998047
2017-04-28,53.705924987792969
2017-05-01,53.733451843261719
2017-05-02,53.751823425292969
2017-05-03,53.800777435302734
2017-05-04,53.513114929199219
2017-05-05,53.60491943359375
2017-05-08,53.666118621826172
2017-05-09,53.629425048828125
2017-05-10,53.861995697021491
2017-05-11,53.868122100830078
2017-05-12,53.849754333496094
2017-05-15,53.97216796875
2017-05-16,54.051753997802734
2017-05-17,53.813007354736328
2017-05-18,53.874271392822266
2017-05-19,53.97216796875
2017-05-22,54.137443542480469
2017-05-23,54.131340026855469
2017-05-24,54.223121643066406
2017-05-25,54.180267333984375
2017-05-26,54.21087646484375
2017-05-30,54.265964508056641
2017-05-31,54.259830474853523
2017-06-01,54.417808532714851
2017-06-02,54.448577880859375
2017-06-05,54.399360656738281
2017-06-06,54.313308715820313
2017-06-07,54.202671051025391
2017-06-08,54.245731353759766
2017-06-09,54.288761138916016
2017-06-12,54.380935668945313
2017-06-13,54.479278564453125
2017-06-14,54.48541259765625
2017-06-15,54.276435852050781
2017-06-16,54.184211730957031
2017-06-19,54.350173950195313
2017-06-20,54.159648895263672
2017-06-21,53.846157073974609
2017-06-22,53.993690490722656
2017-06-23,54.214969635009766
2017-06-26,54.288761138916016
2017-06-27,54.116622924804688
2017-06-28,54.337924957275391
2017-06-29,54.202671051025391
2017-06-30,54.331768035888672
2017-07-03,54.305206298828125
2017-07-05,54.262008666992188
2017-07-06,54.126213073730469
2017-07-07,54.076805114746094
2017-07-10,54.138545989990234
2017-07-11,54.101505279541016
2017-07-12,54.453365325927734
2017-07-13,54.496574401855469
2017-07-14,54.650905609130859
2017-07-17,54.66943359375
2017-07-18,54.694149017333984
2017-07-19,54.786705017089837
2017-07-20,54.817554473876953
2017-07-21,54.774387359619141
2017-07-24,54.817554473876953
2017-07-25,54.842281341552734
2017-07-26,54.92254638671875
2017-07-27,54.879337310791016
2017-07-28,54.885490417480469
2017-07-31,54.885490417480469
2017-08-01,54.940040588378906
2017-08-02,54.95245361328125
2017-08-03,54.847087860107422
2017-08-04,54.85943603515625
2017-08-07,54.83465576171875
2017-08-08,54.599094390869141
2017-08-09,54.3883171081543
2017-08-10,54.041206359863281
2017-08-11,54.134193420410163
2017-08-14,54.41937255859375
2017-08-15,54.437957763671875
2017-08-16,54.444145202636719
2017-08-17,54.140399932861328
2017-08-18,54.220989227294922
2017-08-21,54.276775360107422
2017-08-22,54.499919891357422
2017-08-23,54.506130218505859
2017-08-24,54.586704254150391
2017-08-25,54.6859245300293
2017-08-28,54.692070007324219
2017-08-29,54.623886108398438
2017-08-30,54.772682189941406
2017-08-31,54.921459197998047
2017-09-01,54.977458953857422
2017-09-05,54.853004455566406
2017-09-06,54.815608978271491
2017-09-07,54.821846008300781
2017-09-08,54.6475715637207
2017-09-11,54.821846008300781
2017-09-12,54.890316009521491
2017-09-13,54.908985137939453
2017-09-14,54.983699798583984
2017-09-15,55.033519744873047
2017-09-18,55.008586883544922
2017-09-19,55.064609527587891
2017-09-20,55.058403015136719
2017-09-21,54.989933013916016
2017-09-22,55.045932769775391
2017-09-25,55.077064514160163
2017-09-26,55.145538330078125
2017-09-27,55.170444488525391
2017-09-28,55.170444488525391
2017-09-29,55.251350402832031
2017-10-02,55.223213195800781
2017-10-03,55.323238372802734
2017-10-04,55.266975402832031
2017-10-05,55.335731506347656
2017-10-06,55.254512786865234
2017-10-09,55.260746002197266
2017-10-10,55.30450439453125
2017-10-11,55.248237609863281
2017-10-12,55.185688018798828
2017-10-13,55.210712432861328
2017-10-16,55.241996765136719
2017-10-17,55.323238372802734
2017-10-18,55.379512786865234
2017-10-19,55.385734558105469
2017-10-20,55.435756683349609
2017-10-23,55.373233795166016
2017-10-24,55.373233795166016
2017-10-25,55.216987609863281
2017-10-26,55.148200988769531
2017-10-27,55.298240661621094
2017-10-30,55.285724639892578
2017-10-31,55.298240661621094
2017-11-01,55.245498657226563
2017-11-02,55.2140998840332
2017-11-03,55.220428466796875
2017-11-06,55.2266731262207
2017-11-07,55.06976318359375
2017-11-08,54.825000762939453
2017-11-09,54.555076599121094
2017-11-10,54.674354553222656
2017-11-13,54.636672973632813
2017-11-14,54.404491424560547
2017-11-15,54.404491424560547
2017-11-16,54.937969207763672
2017-11-17,54.900325775146477
2017-11-20,54.912841796875
2017-11-21,55.02581787109375
2017-11-22,55.113689422607422
2017-11-24,55.151371002197266
2017-11-27,54.981925964355469
2017-11-28,55.151371002197266
2017-11-29,55.08233642578125
2017-11-30,55.094867706298828
2017-12-01,55.077182769775391
2017-12-04,55.058330535888672
2017-12-05,55.026836395263672
2017-12-06,54.976387023925781
2017-12-07,55.0015869140625
2017-12-08,55.058330535888672
2017-12-11,55.0709342956543
2017-12-12,55.045703887939453
2017-12-13,55.077182769775391
2017-12-14,54.9637565612793
2017-12-15,54.9700927734375
2017-12-18,55.026836395263672
2017-12-19,54.913330078125
2017-12-20,54.95745849609375
2017-12-21,55.015041351318359
2017-12-22,55.065696716308594
2017-12-26,55.147968292236328
2017-12-27,55.173301696777344
2017-12-28,55.147968292236328
2017-12-29,55.230255126953125
2018-01-02,55.2808837890625
2018-01-03,55.546749114990234
2018-01-04,55.641681671142578
2018-01-05,55.679622650146477
2018-01-08,55.635372161865234
2018-01-09,55.4644660949707
2018-01-10,55.344188690185547
2018-01-11,55.527759552001953
2018-01-12,55.432811737060547
2018-01-16,55.401153564453125
2018-01-17,55.407516479492188
2018-01-18,55.350502014160163
2018-01-19,55.407516479492188
2018-01-22,55.4581298828125
2018-01-23,55.622688293457031
2018-01-24,55.540409088134766
2018-01-25,55.502422332763672
2018-01-26,55.546749114990234
2018-01-29,55.350502014160163
2018-01-30,55.160621643066406
2018-01-31,55.255611419677734
2018-02-01,55.151336669921875
2018-02-02,54.801784515380859
2018-02-05,54.496639251708984
2018-02-06,54.827182769775391
2018-02-07,54.623794555664063
2018-02-08,54.1471061706543
2018-02-09,53.994525909423828
2018-02-12,54.3631591796875
2018-02-13,54.191581726074219
2018-02-14,54.286937713623047
2018-02-15,54.7254753112793
2018-02-16,54.947948455810547
2018-02-20,54.757266998291016
2018-02-21,54.509437561035149
2018-02-22,54.547492980957031
2018-02-23,54.909809112548828
2018-02-26,55.005168914794922
2018-02-27,54.858963012695313
2018-02-28,54.776348114013672
2018-03-01,54.413249969482422
2018-03-02,54.719539642333984
2018-03-05,54.719539642333984
2018-03-06,54.7961311340332
2018-03-07,54.662124633789063
2018-03-08,54.7259635925293
2018-03-09,54.923736572265625
2018-03-12,54.834388732910163
2018-03-13,54.662124633789063
2018-03-14,54.598308563232422
2018-03-15,54.636589050292969
2018-03-16,54.751434326171875
2018-03-19,54.528106689453125
2018-03-20,54.636589050292969
2018-03-21,54.655742645263672
2018-03-22,54.330307006835938
2018-03-23,54.189899444580078
2018-03-26,54.540863037109375
2018-03-27,54.489788055419922
2018-03-28,54.464298248291016
2018-03-29,54.649368286132813
2018-04-02,54.437240600585938
2018-04-03,54.591026306152344
2018-04-04,54.712753295898438
2018-04-05,54.757652282714851
2018-04-06,54.635902404785149
2018-04-09,54.840938568115234
2018-04-10,55.039566040039063
2018-04-11,55.058765411376953
2018-04-12,55.257427215576172
2018-04-13,55.289436340332031
2018-04-16,55.372756958007813
2018-04-17,55.398399353027344
2018-04-18,55.340705871582031
2018-04-19,55.1677131652832
2018-04-20,55.033123016357422
2018-04-23,54.885787963867188
2018-04-24,54.776882171630859
2018-04-25,54.783260345458984
2018-04-26,54.9754638671875
2018-04-27,54.949893951416016
2018-04-30,54.911426544189453
2018-05-01,54.951950073242188
2018-05-02,54.932636260986328
2018-05-03,54.926212310791016
2018-05-04,54.964847564697266
2018-05-07,55.016304016113281
2018-05-08,54.932636260986328
2018-05-09,55.0227165222168
2018-05-10,55.183586120605469
2018-05-11,55.1642951965332
2018-05-14,55.177146911621094
2018-05-15,54.906906127929688
2018-05-16,54.977687835693359
2018-05-17,55.009857177734375
2018-05-18,54.951950073242188
2018-05-21,55.0291633605957
2018-05-22,55.067768096923828
2018-05-23,55.112823486328125
2018-05-24,55.144977569580078
2018-05-25,55.054893493652344
2018-05-29,54.8232421875
2018-05-30,54.990566253662109
2018-05-31,54.9390869140625
2018-06-01,55.064502716064453
2018-06-04,55.1807975769043
2018-06-05,55.245460510253906
2018-06-06,55.381195068359375
2018-06-07,55.400592803955078
2018-06-08,55.368289947509766
2018-06-11,55.471652984619141
2018-06-12,55.516941070556641
2018-06-13,55.536296844482422
2018-06-14,55.697929382324219
2018-06-15,55.665592193603523
2018-06-18,55.659152984619141
2018-06-19,55.581565856933594
2018-06-20,55.639732360839837
2018-06-21,55.523403167724609
2018-06-22,55.529850006103523
2018-06-25,55.400592803955078
2018-06-26,55.394107818603523
2018-06-27,55.277778625488281
2018-06-28,55.122627258300781
2018-06-29,54.993366241455078
2018-07-02,55.045978546142578
2018-07-03,55.052444458007813
2018-07-05,55.260227203369141
2018-07-06,55.403060913085938
2018-07-09,55.487503051757813
2018-07-10,55.493968963623047
2018-07-11,55.409576416015625
2018-07-12,55.584854125976563
2018-07-13,55.584854125976563
2018-07-16,55.545940399169922
2018-07-17,55.565387725830078
2018-07-18,55.591373443603523
2018-07-19,55.565387725830078
2018-07-20,55.591373443603523
2018-07-23,55.571903228759766
2018-07-24,55.688743591308594
2018-07-25,55.792648315429688
2018-07-26,55.799152374267578
2018-07-27,55.779640197753906
2018-07-30,55.799152374267578
2018-07-31,55.915996551513672
2018-08-01,55.966217041015625
2018-08-02,55.998836517333984
2018-08-03,56.04443359375
2018-08-06,56.1487922668457
2018-08-07,56.174888610839837
2018-08-08,56.14227294921875
2018-08-09,56.1031379699707
2018-08-10,56.005325317382813
2018-08-13,55.966217041015625
2018-08-14,56.064033508300781
2018-08-15,55.966217041015625
2018-08-16,56.0379638671875
2018-08-17,56.1031379699707
2018-08-20,56.12921142578125
2018-08-21,56.213981628417969
2018-08-22,56.233528137207031
2018-08-23,56.227046966552734
2018-08-24,56.324825286865234
2018-08-27,56.344429016113281
2018-08-28,56.318332672119141
2018-08-29,56.285736083984375
2018-08-30,56.240058898925781
2018-08-31,56.311820983886719
2018-09-04,56.194580078125
2018-09-05,56.135650634765625
2018-09-06,56.181484222412109
2018-09-07,56.122528076171875
2018-09-10,56.233882904052734
2018-09-11,56.246967315673828
2018-09-12,56.377933502197266
2018-09-13,56.482715606689453
2018-09-14,56.535121917724609
2018-09-17,56.495834350585938
2018-09-18,56.489273071289063
2018-09-19,56.384498596191406
2018-09-20,56.46307373046875
2018-09-21,56.476150512695313
2018-09-24,56.449977874755859
2018-09-25,56.404109954833984
2018-09-26,56.46307373046875
2018-09-27,56.567852020263672
2018-09-28,56.607151031494141
2018-10-01,56.770950317382813
2018-10-02,56.724906921386719
2018-10-03,56.573574066162109
2018-10-04,56.363075256347656
2018-10-05,56.113113403320313
2018-10-08,55.988113403320313
2018-10-09,56.073642730712891
2018-10-10,55.672386169433594
2018-10-11,55.718425750732422
2018-10-12,56.014427185058594
2018-10-15,55.974952697753906
2018-10-16,56.165756225585938
2018-10-17,56.053909301757813
2018-10-18,55.817096710205078
2018-10-19,55.8499755859375
2018-10-22,55.876289367675781
2018-10-23,55.823646545410163
2018-10-24,55.547393798828125
2018-10-25,55.659225463867188
2018-10-26,55.409210205078125
2018-10-29,55.356586456298828
2018-10-30,55.4881706237793
2018-10-31,55.4881706237793
2018-11-01,55.742698669433594
2018-11-02,55.709636688232422
2018-11-05,55.755931854248047
2018-11-06,55.9013786315918
2018-11-07,56.225288391113281
2018-11-08,56.086460113525391
2018-11-09,55.769157409667969
2018-11-12,55.425361633300781
2018-11-13,55.332817077636719
2018-11-14,55.22705078125
2018-11-15,55.213825225830078
2018-11-16,55.048557281494141
2018-11-19,54.876659393310547
2018-11-20,54.704807281494141
2018-11-21,54.982425689697266
2018-11-23,54.6783561706543
2018-11-26,54.936176300048828
2018-11-27,54.909744262695313
2018-11-28,55.365867614746094
2018-11-29,55.379070281982422
2018-11-30,55.266719818115234
2018-12-03,55.649211883544922
2018-12-04,55.303932189941406
2018-12-06,55.111328125
2018-12-07,55.005046844482422
2018-12-10,55.044898986816406
2018-12-11,55.144504547119141
2018-12-12,55.323829650878906
2018-12-13,55.456611633300781
2018-12-14,55.224224090576172
2018-12-17,54.865623474121094
2018-12-18,54.766212463378906
2018-12-19,54.272453308105469
2018-12-20,53.798736572265625
2018-12-21,53.531841278076172
2018-12-24,53.131462097167969
2018-12-26,54.025585174560547
2018-12-27,53.992206573486328
2018-12-28,54.0722770690918
2018-12-31,54.1123046875
2019-01-02,54.038906097412109
2019-01-03,54.065597534179688
2019-01-04,54.973018646240234
2019-01-07,55.506793975830078
2019-01-08,55.867145538330078
2019-01-09,55.933841705322266
2019-01-10,56.154045104980469
2019-01-11,55.9738883972168
2019-01-14,55.793704986572266
2019-01-15,55.980556488037109
2019-01-16,56.067298889160163
2019-01-17,56.220756530761719
2019-01-18,56.380901336669922
2019-01-22,56.007244110107422
2019-01-23,56.120655059814453
2019-01-24,56.180721282958984
2019-01-25,56.320846557617188
2019-01-28,56.234096527099609
2019-01-29,56.200725555419922
2019-01-30,56.647769927978509
2019-01-31,56.787910461425781
2019-02-01,56.760402679443359
2019-02-04,56.894477844238281
2019-02-05,57.095561981201172
2019-02-06,57.041961669921875
2019-02-07,56.8475456237793
2019-02-08,56.834136962890625
2019-02-11,56.8609733581543
2019-02-12,57.135784149169922
2019-02-13,57.055347442626953
2019-02-14,57.062049865722656
2019-02-15,57.243022918701172
2019-02-19,57.263137817382813
2019-02-20,57.310039520263672
2019-02-21,57.256439208984375
2019-02-22,57.370346069335938
2019-02-25,57.417316436767578
2019-02-26,57.491046905517578
2019-02-27,57.511146545410163
2019-02-28,57.4776496887207
2019-03-01,57.640548706054688
2019-03-04,57.553043365478509
2019-03-05,57.526126861572266
2019-03-06,57.431869506835938
2019-03-07,57.391452789306641
2019-03-08,57.297206878662109
2019-03-11,57.485721588134766
2019-03-12,57.586692810058594
2019-03-13,57.741554260253906
2019-03-14,57.701137542724609
2019-03-15,57.755012512207031
2019-03-18,57.734844207763672
2019-03-19,57.768478393554688
2019-03-20,58.017612457275391
2019-03-21,58.004177093505859
2019-03-22,57.7954216003418
2019-03-25,57.775222778320313
2019-03-26,57.916622161865234
2019-03-27,57.956996917724609
2019-03-28,58.071475982666016
2019-03-29,58.219600677490234
2019-04-01,58.205406188964851
2019-04-02,58.232421875
2019-04-03,58.252727508544922
2019-04-04,58.340618133544922
2019-04-05,58.4488525390625
2019-04-08,58.414997100830078
2019-04-09,58.374454498291016
2019-04-10,58.631431579589837
2019-04-11,58.719333648681641
2019-04-12,58.807270050048828
2019-04-15,58.766681671142578
2019-04-16,58.732883453369141
2019-04-17,58.590858459472656
2019-04-18,58.617889404296875
2019-04-22,58.516483306884766
2019-04-23,58.719333648681641
2019-04-24,58.638214111328125
2019-04-25,58.665214538574219
2019-04-26,58.814037322998047
2019-04-29,58.786994934082031
2019-04-30,58.793754577636719
2019-05-01,58.600872039794922
2019-05-02,58.641616821289063
2019-05-03,58.791023254394531
2019-05-06,58.818157196044922
2019-05-07,58.465065002441406
2019-05-08,58.485416412353523
2019-05-09,58.397159576416016
2019-05-10,58.560127258300781
2019-05-13,58.023643493652344
2019-05-14,58.152664184570313
2019-05-15,58.206996917724609
2019-05-16,58.383544921875
2019-05-17,58.363174438476563
2019-05-20,58.308879852294922
2019-05-21,58.492202758789063
2019-05-22,58.539791107177734
2019-05-23,58.247730255126953
2019-05-24,58.166233062744141
2019-05-28,58.111907958984375
2019-05-29,57.955715179443359
2019-05-30,58.07794189453125
2019-05-31,57.656887054443359
2019-06-03,57.749698638916016
2019-06-04,58.329559326171875
2019-06-05,58.465995788574219
2019-06-06,58.588813781738281
2019-06-07,58.7389030456543
2019-06-10,58.827590942382813
2019-06-11,58.909446716308594
2019-06-12,58.773033142089837
2019-06-13,58.909446716308594
2019-06-14,58.868534088134766
2019-06-17,58.779830932617188
2019-06-18,59.189167022705078
2019-06-19,59.468868255615234
2019-06-20,59.769023895263672
2019-06-21,59.578022003173828
2019-06-24,59.571205139160163
2019-06-25,59.318775177001953
2019-06-26,59.291500091552734
2019-06-27,59.455242156982422
2019-06-28,59.475711822509766
2019-07-01,59.493507385253906
2019-07-02,59.623699188232422
2019-07-03,59.849815368652344
2019-07-05,59.610004425048828
2019-07-08,59.493507385253906
2019-07-09,59.424995422363281
2019-07-10,59.589443206787109
2019-07-11,59.472949981689453
2019-07-12,59.568897247314453
2019-07-15,59.610004425048828
2019-07-16,59.486640930175781
2019-07-17,59.411281585693359
2019-07-18,59.438697814941406
2019-07-19,59.335887908935547
2019-07-22,59.534614562988281
2019-07-23,59.637393951416016
2019-07-24,59.68536376953125
2019-07-25,59.603157043457031
2019-07-26,59.733345031738281
2019-07-29,59.644271850585938
2019-07-30,59.671676635742188
2019-07-31,59.568897247314453
2019-08-01,59.539302825927734
2019-08-02,59.449810028076172
2019-08-05,58.830474853515625
2019-08-06,59.208965301513672
2019-08-07,59.202106475830078
2019-08-08,59.436088562011719
2019-08-09,59.353492736816406
2019-08-12,59.147071838378906
2019-08-13,59.408527374267578
2019-08-14,58.878654479980469
2019-08-15,59.050693511962891
2019-08-16,59.250274658203125
2019-08-19,59.422298431396477
2019-08-20,59.470462799072266
2019-08-21,59.725093841552734
2019-08-22,59.835189819335938
2019-08-23,59.559928894042969
2019-08-26,59.855865478515625
2019-08-27,59.828330993652344
2019-08-28,59.972835540771491
2019-08-29,60.034732818603523
2019-08-30,59.979698181152344
2019-09-03,59.807659149169922
2019-09-04,59.932048797607422
2019-09-05,60.167011260986328
2019-09-06,60.2223014831543
2019-09-09,60.284481048583984
2019-09-10,60.319053649902344
2019-09-11,60.3121337890625
2019-09-12,60.346660614013672
2019-09-13,60.236103057861328
2019-09-16,60.450355529785149
2019-09-17,60.484912872314453
2019-09-18,60.450355529785149
2019-09-19,60.381267547607422
2019-09-20,60.457260131835938
2019-09-23,60.429641723632813
2019-09-24,60.346660614013672
2019-09-25,60.284481048583984
2019-09-26,60.243026733398438
2019-09-27,60.1739387512207
2019-09-30,60.243026733398438
2019-10-01,60.104255676269531
2019-10-02,59.750385284423828
2019-10-03,59.785083770751953
2019-10-04,59.972404479980469
2019-10-07,59.923843383789063
2019-10-08,59.701774597167969
2019-10-09,59.882198333740234
2019-10-10,59.958534240722656
2019-10-11,60.208309173583984
2019-10-14,60.249992370605469
2019-10-15,60.381771087646477
2019-10-16,60.333221435546875
2019-10-17,60.41650390625
2019-10-18,60.430381774902344
2019-10-21,60.451171875
2019-10-22,60.465061187744141
2019-10-23,60.520580291748047
2019-10-24,60.5899658203125
2019-10-25,60.638515472412109
2019-10-28,60.6316032409668
2019-10-29,60.520580291748047
2019-10-30,60.444255828857422
2019-10-31,60.2360725402832
2019-11-01,60.494594573974609
2019-11-04,60.620037078857422
2019-11-05,60.557315826416016
2019-11-06,60.48760986328125
2019-11-07,60.459732055664063
2019-11-08,60.515506744384766
2019-11-11,60.480640411376953
2019-11-12,60.494594573974609
2019-11-13,60.431861877441406
2019-11-14,60.397026062011719
2019-11-15,60.578174591064453
2019-11-18,60.5015869140625
2019-11-19,60.2855224609375
2019-11-20,60.160137176513672
2019-11-21,60.174076080322266
2019-11-22,60.404003143310547
2019-11-25,60.564266204833984
2019-11-26,60.633918762207031
2019-11-27,60.710613250732422
2019-11-29,60.578174591064453
2019-12-02,60.53692626953125
2019-12-03,60.4530029296875
2019-12-04,60.634891510009766
2019-12-05,60.725788116455078
2019-12-06,60.809741973876953
2019-12-09,60.809741973876953
2019-12-10,60.956626892089837
2019-12-11,61.082557678222656
2019-12-12,61.222446441650391
2019-12-13,61.285408020019531
2019-12-16,61.404369354248047
2019-12-17,61.593215942382813
2019-12-18,61.705146789550781
2019-12-19,61.672866821289063
2019-12-20,61.581600189208984
2019-12-23,61.609634399414063
2019-12-24,61.6588020324707
2019-12-26,61.750045776367188
2019-12-27,61.722015380859375
2019-12-30,61.679851531982422
2019-12-31,61.736019134521491
2020-01-02,61.995735168457031
2020-01-03,61.932609558105469
2020-01-06,61.869411468505859
2020-01-07,61.813228607177734
2020-01-08,61.869411468505859
2020-01-09,62.030864715576172
2020-01-10,62.051925659179688
2020-01-13,62.051925659179688
2020-01-14,62.044940948486328
2020-01-15,62.0589485168457
2020-01-16,62.080005645751953
2020-01-17,62.030864715576172
2020-01-21,61.897491455078125
2020-01-22,62.009819030761719
2020-01-23,61.820270538330078
2020-01-24,61.560489654541016
2020-01-27,61.146316528320313
2020-01-28,61.672866821289063
2020-01-29,61.637775421142578
2020-01-30,61.700950622558594
2020-01-31,61.448207855224609
2020-02-03,61.438331604003906
2020-02-04,61.804908752441406
2020-02-05,62.058696746826172
2020-02-06,62.108058929443359
2020-02-07,62.016403198242188
2020-02-10,62.101028442382813
2020-02-11,62.1432991027832
2020-02-12,62.305450439453125
2020-02-13,62.326606750488281
2020-02-14,62.319561004638672
2020-02-18,62.192630767822266
2020-02-19,62.220817565917969
2020-02-20,62.326606750488281
2020-02-21,62.27020263671875
2020-02-24,61.6004753112793
2020-02-25,61.170448303222656
2020-02-26,61.233901977539063
2020-02-27,60.4090576171875
2020-02-28,60.655815124511719
2020-03-02,61.1160774230957
2020-03-03,60.854080200195313
2020-03-04,61.689678192138672
2020-03-05,60.910709381103523
2020-03-06,60.223861694335938
2020-03-09,57.632240295410163
2020-03-10,58.517337799072266
2020-03-11,57.242763519287109
2020-03-12,54.955608367919922
2020-03-13,56.683372497558594
2020-03-16,53.567718505859375
2020-03-17,54.070476531982422
2020-03-18,51.684196472167969
2020-03-19,50.522903442382813
2020-03-20,49.389945983886719
2020-03-23,48.596870422363281
2020-03-24,50.600776672363281
2020-03-25,52.024089813232422
2020-03-26,54.403274536132813
2020-03-27,54.544906616210938
2020-03-30,55.012260437011719
2020-03-31,54.5732307434082
2020-04-01,53.075187683105469
2020-04-02,53.487987518310547
2020-04-03,52.342220306396477
2020-04-06,53.616069793701172
2020-04-07,53.616069793701172
2020-04-08,55.010906219482422
2020-04-09,58.611888885498047
2020-04-13,57.772125244140625
2020-04-14,58.014110565185547
2020-04-15,57.473224639892578
2020-04-16,57.416294097900391
2020-04-17,57.70806884765625
2020-04-20,56.839878082275391
2020-04-21,55.80084228515625
2020-04-22,56.291873931884766
2020-04-23,56.263435363769531
2020-04-24,55.736778259277344
2020-04-27,55.964523315429688
2020-04-28,56.135322570800781
2020-04-29,57.124507904052734
2020-04-30,57.2384033203125
2020-05-01,56.251071929931641
2020-05-04,56.172428131103523
2020-05-05,56.658584594726563
2020-05-06,56.336845397949219
2020-05-07,56.479835510253906
2020-05-08,57.016017913818359
2020-05-11,56.7586555480957
2020-05-12,56.687168121337891
2020-05-13,56.386878967285149
2020-05-14,56.193878173828125
2020-05-15,56.272499084472656
2020-05-18,57.2662467956543
2020-05-19,57.3377685546875
2020-05-20,57.945449829101563
2020-05-21,57.931159973144531
2020-05-22,58.07415771484375
2020-05-26,58.510276794433594
2020-05-27,58.631759643554688
2020-05-28,58.688980102539063
2020-05-29,58.924919128417969
2020-06-01,59.3706169128418
2020-06-02,59.959171295166016
2020-06-03,60.23907470703125
2020-06-04,60.052474975585938
2020-06-05,60.619472503662109
2020-06-08,60.691219329833984
2020-06-09,60.217552185058594
2020-06-10,60.131427764892578
2020-06-11,58.588287353515625
2020-06-12,59.169647216796875
2020-06-15,59.743831634521491
2020-06-16,59.987846374511719
2020-06-17,59.707962036132813
2020-06-18,59.686431884765625
2020-06-19,59.485446929931641
2020-06-22,59.442428588867188
2020-06-23,59.528518676757813
2020-06-24,58.918453216552734
2020-06-25,58.939964294433594
2020-06-26,58.380149841308594
2020-06-29,58.050025939941406
2020-06-30,58.581142425537109
2020-07-01,58.763477325439453
2020-07-02,59.195930480957031
2020-07-06,59.621170043945313
2020-07-07,59.224765777587891
2020-07-08,59.383319854736328
2020-07-09,59.253574371337891
2020-07-10,59.455364227294922
2020-07-13,59.131072998046875
2020-07-14,59.635585784912109
2020-07-15,59.974349975585938
2020-07-16,60.032028198242188
2020-07-17,60.197761535644531
2020-07-20,60.558147430419922
2020-07-21,60.8392333984375
2020-07-22,60.9617919921875
2020-07-23,60.918544769287109
2020-07-24,60.976234436035149
2020-07-27,61.120376586914063
2020-07-28,60.9617919921875
2020-07-29,61.300529479980469
2020-07-30,61.430290222167969
2020-07-31,61.545600891113281
2020-08-03,61.560798645019531
2020-08-04,61.539081573486328
2020-08-05,61.647651672363281
2020-08-06,61.785110473632813
2020-08-07,61.6331672668457
2020-08-10,61.6621208190918
2020-08-11,61.1048583984375
2020-08-12,61.119380950927734
2020-08-13,60.952960968017578
2020-08-14,60.844379425048828
2020-08-17,61.206233978271491
2020-08-18,61.300247192382813
2020-08-19,61.126602172851563
2020-08-20,61.329181671142578
2020-08-21,61.321987152099609
2020-08-24,61.604217529296875
2020-08-25,61.669368743896477
2020-08-26,61.6621208190918
2020-08-27,61.56805419921875
2020-08-28,61.618717193603523
2020-08-31,61.531856536865234
2020-09-01,61.866783142089837
2020-09-02,61.939453125
2020-09-03,61.554367065429688
2020-09-04,61.387237548828125
2020-09-08,61.0457763671875
2020-09-09,61.525318145751953
2020-09-10,61.234691619873047
2020-09-11,61.358192443847656
2020-09-14,61.292808532714851
2020-09-15,61.459922790527344
2020-09-16,61.459922790527344
2020-09-17,61.39453125
2020-09-18,61.241966247558594
2020-09-21,60.7479133605957
2020-09-22,60.9586067199707
2020-09-23,60.341037750244141
2020-09-24,60.377326965332031
2020-09-25,60.268363952636719
2020-09-28,60.660694122314453
2020-09-29,60.711551666259766
2020-09-30,60.9586067199707
2020-10-01,61.168033599853523
2020-10-02,61.168033599853523
2020-10-05,61.627700805664063
2020-10-06,61.489044189453125
2020-10-07,61.707969665527344
2020-10-08,61.846595764160163
2020-10-09,61.9852409362793
2020-10-12,62.298988342285149
2020-10-13,62.021724700927734
2020-10-14,61.868492126464851
2020-10-15,61.824699401855469
2020-10-16,61.751728057861328
2020-10-19,61.532867431640625
2020-10-20,61.751728057861328
2020-10-21,61.74444580078125
2020-10-22,61.853874206542969
2020-10-23,61.926853179931641
2020-10-26,61.379638671875
2020-10-27,61.408782958984375
2020-10-28,60.898029327392578
2020-10-29,61.073146820068359
2020-10-30,61.204486846923828
2020-11-02,61.350322723388672
2020-11-03,61.877964019775391
2020-11-04,62.456878662109375
2020-11-05,62.676670074462891
2020-11-06,62.456878662109375
2020-11-09,62.933189392089837
2020-11-10,62.845241546630859
2020-11-11,62.823291778564453
2020-11-12,62.398220062255859
2020-11-13,62.610733032226563
2020-11-16,62.962497711181641
2020-11-17,62.984474182128906
2020-11-18,62.867225646972656
2020-11-19,63.079761505126953
2020-11-20,62.962497711181641
2020-11-23,63.0577392578125
2020-11-24,63.248256683349609
2020-11-25,63.218944549560547
2020-11-27,63.321548461914063
2020-11-30,63.255630493164063
2020-12-01,63.418193817138672
2020-12-02,63.594783782958984
2020-12-03,63.631546020507813
2020-12-04,63.896411895751953
2020-12-07,63.866962432861328
2020-12-08,63.815486907958984
2020-12-09,63.719829559326172
2020-12-10,63.837562561035149
2020-12-11,63.771312713623047
2020-12-14,63.786060333251953
2020-12-15,63.984710693359375
2020-12-16,63.889060974121094
2020-12-17,63.984352111816406
2020-12-18,64.036056518554688
2020-12-21,63.807025909423828
2020-12-22,63.8882942199707
2020-12-23,64.176429748535156
2020-12-24,64.3094253540039
2020-12-28,64.390670776367188
2020-12-29,64.3094253540039
2020-12-30,64.4423828125
2020-12-31,64.4941177368164
2021-01-04,64.361122131347656
2021-01-05,64.383285522460938
2021-01-06,64.265106201171875
2021-01-07,64.449760437011719
2021-01-08,64.545822143554688
2021-01-11,64.198577880859375
2021-01-12,64.279861450195313
2021-01-13,64.471923828125
2021-01-14,64.457160949707031
2021-01-15,64.353721618652344
2021-01-19,64.538436889648438
2021-01-20,64.656654357910156
2021-01-21,64.619712829589844
2021-01-22,64.4941177368164
2021-01-25,64.508918762207031
2021-01-26,64.412857055664063
2021-01-27,64.228164672851563
2021-01-28,64.420219421386719
2021-01-29,64.250312805175781
2021-02-01,64.456436157226563
2021-02-02,64.612144470214844
2021-02-03,64.664047241210938
2021-02-04,64.797531127929688
2021-02-05,64.893913269042969
2021-02-08,65.086677551269531
2021-02-09,64.968070983886719
2021-02-10,64.953239440917969
2021-02-11,64.982902526855469
2021-02-12,65.086677551269531
2021-02-16,64.982902526855469
2021-02-17,64.960617065429688
2021-02-18,64.871673583984375
2021-02-19,64.879066467285156
2021-02-22,64.678871154785156
2021-02-23,64.834602355957031
2021-02-24,64.901313781738281
2021-02-25,64.285881042480469
2021-02-26,64.0931167602539
2021-03-01,64.81268310546875
2021-03-02,64.715972900390625
2021-03-03,64.507598876953125
2021-03-04,64.26202392578125
2021-03-05,64.455513000488281
2021-03-08,63.986698150634766
2021-03-09,64.076042175292969
2021-03-10,64.276931762695313
2021-03-11,64.515022277832031
2021-03-12,64.336433410644531
2021-03-15,64.343879699707031
2021-03-16,64.195053100585938
2021-03-17,64.284385681152344
2021-03-18,63.793228149414063
2021-03-19,64.038803100585938
2021-03-22,64.269462585449219
2021-03-23,64.336433410644531
2021-03-24,64.373695373535156
2021-03-25,64.485244750976563
2021-03-26,64.678749084472656
2021-03-29,64.715972900390625
2021-03-30,64.559677124023438
2021-03-31,64.8722152709961
2021-04-01,65.009597778320313
2021-04-05,65.0394515991211
2021-04-06,65.151481628417969
2021-04-07,65.129020690917969
2021-04-08,65.151481628417969
2021-04-09,65.106658935546875
2021-04-12,65.0394515991211
2021-04-13,65.084259033203125
2021-04-14,65.054374694824219
2021-04-15,65.315689086914063
2021-04-16,65.181304931640625
2021-04-19,65.076789855957031
2021-04-20,64.964767456054688
2021-04-21,65.181304931640625
2021-04-22,65.061851501464844
2021-04-23,65.23358154296875
2021-04-26,65.203697204589844
2021-04-27,65.114120483398438
2021-04-28,65.241043090820313
2021-04-29,65.315689086914063
2021-04-30,65.2858657836914
2021-05-03,65.3113021850586
2021-05-04,65.27386474609375
2021-05-05,65.401199340820313
2021-05-06,65.378746032714844
2021-05-07,65.4236831665039
2021-05-10,65.27386474609375
2021-05-11,65.2064437866211
2021-05-12,64.891807556152344
2021-05-13,65.124031066894531
2021-05-14,65.333793640136719
2021-05-17,65.213912963867188
2021-05-18,65.056625366210938
2021-05-19,64.884292602539063
2021-05-20,65.161491394042969
2021-05-21,65.258865356445313
2021-05-24,65.333793640136719
2021-05-25,65.341316223144531
2021-05-26,65.363761901855469
2021-05-27,65.333793640136719
2021-05-28,65.3113021850586
2021-06-01,65.507514953613281
2021-06-02,65.590202331542969
2021-06-03,65.45489501953125
2021-06-04,65.597709655761719
2021-06-07,65.6202392578125
2021-06-08,65.665351867675781
2021-06-09,65.71795654296875
2021-06-10,65.838241577148438
2021-06-11,65.860786437988281
2021-06-14,65.8006591796875
2021-06-15,65.7931137084961
2021-06-16,65.702987670898438
2021-06-17,65.748054504394531
2021-06-18,65.71795654296875
2021-06-21,65.845756530761719
2021-06-22,65.890861511230469
2021-06-23,65.823211669921875
2021-06-24,66.026138305664063
2021-06-25,66.093803405761719
2021-06-28,66.086296081542969
2021-06-29,66.168960571289063
2021-06-30,66.176475524902344
2021-07-01,66.306221008300781
2021-07-02,66.411781311035156
2021-07-06,66.37408447265625
2021-07-07,66.396690368652344
2021-07-08,66.253402709960938
2021-07-09,66.366531372070313
2021-07-12,66.3438949584961
2021-07-13,66.147796630859375
2021-07-14,66.253402709960938
2021-07-15,66.208175659179688
2021-07-16,66.117660522460938
2021-07-19,65.672691345214844
2021-07-20,66.004531860351563
2021-07-21,66.162887573242188
2021-07-22,66.200607299804688
2021-07-23,66.328826904296875
2021-07-26,66.230819702148438
2021-07-27,66.140312194824219
2021-07-28,66.193099975585938
2021-07-29,66.336372375488281
2021-07-30,66.245880126953125
2021-08-02,66.081695556640625
2021-08-03,66.1573257446289
2021-08-04,66.036293029785156
2021-08-05,66.1875991821289
2021-08-06,66.111953735351563
2021-08-09,65.960655212402344
2021-08-10,65.8093032836914
2021-08-11,65.915237426757813
2021-08-12,66.028732299804688
2021-08-13,66.172447204589844
2021-08-16,66.195198059082031
2021-08-17,66.0438461303711
2021-08-18,65.892539978027344
2021-08-19,65.884971618652344
2021-08-20,66.0438461303711
2021-08-23,66.248123168945313
2021-08-24,66.338920593261719
2021-08-25,66.407035827636719
2021-08-26,66.369178771972656
2021-08-27,66.55078125
2021-08-30,66.633995056152344
2021-08-31,66.649139404296875
2021-09-01,66.706062316894531
2021-09-02,66.789558410644531
2021-09-03,66.7971420288086
2021-09-07,66.622589111328125
2021-09-08,66.698471069335938
2021-09-09,66.7591781616211
2021-09-10,66.660491943359375
2021-09-13,66.827476501464844
2021-09-14,66.7971420288086
2021-09-15,66.895820617675781
2021-09-16,66.8730239868164
2021-09-17,66.789558410644531
2021-09-20,66.554267883300781
2021-09-21,66.668106079101563
2021-09-22,66.789558410644531
2021-09-23,66.819900512695313
2021-09-24,66.72125244140625
2021-09-27,66.660491943359375
2021-09-28,66.3569107055664
2021-09-29,66.478363037109375
2021-09-30,66.4024887084961
2021-10-01,66.561637878417969
2021-10-04,66.325576782226563
2021-10-05,66.295097351074219
2021-10-06,66.257041931152344
2021-10-07,66.2646255493164
2021-10-08,66.066658020019531
2021-10-11,65.861053466796875
2021-10-12,65.98291015625
2021-10-13,66.158042907714844
2021-10-14,66.531143188476563
2021-10-15,66.416938781738281
2021-10-18,66.3864517211914
2021-10-19,66.4321517944336
2021-10-20,66.455001831054688
2021-10-21,66.2874755859375
2021-10-22,66.127571105957031
2021-10-25,66.2417984008789
2021-10-26,66.257041931152344
2021-10-27,66.203720092773438
2021-10-28,66.371261596679688
2021-10-29,66.196083068847656
2021-11-01,66.125053405761719
2021-11-02,66.285476684570313
2021-11-03,66.415351867675781
2021-11-04,66.5910415649414
2021-11-05,66.8431167602539
2021-11-08,66.75909423828125
2021-11-09,66.812591552734375
2021-11-10,66.438278198242188
2021-11-11,66.323684692382813
2021-11-12,66.346572875976563
2021-11-15,66.270179748535156
2021-11-16,66.300765991210938
2021-11-17,66.2320327758789
2021-11-18,66.178543090820313
2021-11-19,66.125053405761719
2021-11-22,65.872978210449219
2021-11-23,65.781295776367188
2021-11-24,65.7659912109375
2021-11-26,65.292396545410156
2021-11-29,65.6972885131836
2021-11-30,65.422225952148438
2021-12-01,65.431427001953125
2021-12-02,65.914314270019531
2021-12-03,65.914314270019531
2021-12-06,66.20556640625
2021-12-07,66.5581283569336
2021-12-08,66.542808532714844
2021-12-09,66.243904113769531
2021-12-10,66.397186279296875
2021-12-13,66.397186279296875
2021-12-14,66.282218933105469
2021-12-15,66.53515625
2021-12-16,66.485893249511719
2021-12-17,66.424392700195313
2021-12-20,66.308990478515625
2021-12-21,66.662788391113281
2021-12-22,66.8396987915039
2021-12-23,67.031967163085938
2021-12-27,67.101188659667969
2021-12-28,67.070396423339844
2021-12-29,66.962730407714844
2021-12-30,66.931953430175781
2021-12-31,66.916580200195313
2022-01-03,66.885818481445313
2022-01-04,66.716636657714844
2022-01-05,66.20135498046875
2022-01-06,66.2090072631836
2022-01-07,66.039886474609375
2022-01-10,66.09368896484375
2022-01-11,66.401298522949219
2022-01-12,66.508979797363281
2022-01-13,66.270561218261719
2022-01-14,66.2090072631836
2022-01-18,65.886016845703125
2022-01-19,65.82452392578125
2022-01-20,65.701454162597656
2022-01-21,65.709175109863281
2022-01-24,65.639938354492188
2022-01-25,65.4476547241211
2022-01-26,65.224662780761719
2022-01-27,64.940071105957031
2022-01-28,65.1246566772461
2022-01-31,65.140052795410156
2022-02-01,65.398612976074219
2022-02-02,65.49896240234375
2022-02-03,64.912345886230469
2022-02-04,64.657630920410156
2022-02-07,64.6113510131836
2022-02-08,64.5418701171875
2022-02-09,64.881454467773438
2022-02-10,64.024696350097656
2022-02-11,63.800884246826172
2022-02-14,63.692832946777344
2022-02-15,63.800884246826172
2022-02-16,64.155952453613281
2022-02-17,63.885772705078125
2022-02-18,63.978412628173828
2022-02-22,63.8317756652832
2022-02-23,63.715980529785149
2022-02-24,64.1713638305664
2022-02-25,64.534126281738281
2022-02-28,64.580436706542969
2022-03-01,64.399940490722656
2022-03-02,64.554878234863281
2022-03-03,64.361213684082031
2022-03-04,63.942874908447266
2022-03-07,63.385112762451172
2022-03-08,63.160442352294922
2022-03-09,63.687252044677734
2022-03-10,63.152706146240234
2022-03-11,62.695636749267578
2022-03-14,61.951946258544922
2022-03-15,62.416748046875
2022-03-16,63.292171478271491
2022-03-17,63.725971221923828
2022-03-18,63.935131072998047
2022-03-21,63.199199676513672
2022-03-22,63.524559020996094
2022-03-23,63.323139190673828
2022-03-24,63.454833984375
2022-03-25,62.997772216796875
2022-03-28,63.392841339111328
2022-03-29,64.175285339355469
2022-03-30,63.981605529785149
2022-03-31,63.749225616455078
2022-04-01,63.744556427001953
2022-04-04,64.226814270019531
2022-04-05,63.39453125
2022-04-06,62.896720886230469
2022-04-07,62.795558929443359
2022-04-08,62.414409637451172
2022-04-11,61.98663330078125
2022-04-12,62.461112976074219
2022-04-13,62.834465026855469
2022-04-14,62.414409637451172
2022-04-18,62.31329345703125
2022-04-19,62.258888244628906
2022-04-20,62.453334808349609
2022-04-21,62.025493621826172
2022-04-22,61.652149200439453
2022-04-25,62.173282623291016
2022-04-26,61.807701110839837
2022-04-27,61.504341125488281
2022-04-28,61.846595764160163
2022-04-29,61.084308624267578
2022-05-02,61.088230133056641
2022-05-03,61.408378601074219
2022-05-04,62.033073425292969
2022-05-05,60.932033538818359
2022-05-06,60.588451385498047
2022-05-09,59.948135375976563
2022-05-10,60.291709899902344
2022-05-11,59.932510375976563
2022-05-12,59.909061431884766
2022-05-13,59.9793586730957
2022-05-16,59.893463134765625
2022-05-17,59.83880615234375
2022-05-18,59.34686279296875
2022-05-19,59.745086669921875
2022-05-20,59.7060546875
2022-05-23,59.940315246582031
2022-05-24,60.299507141113281
2022-05-25,61.213169097900391
2022-05-26,62.064323425292969
2022-05-27,62.6187629699707
2022-05-31,62.079948425292969
2022-06-01,61.8502197265625
2022-06-02,62.108932495117188
2022-06-03,61.646434783935547
2022-06-06,61.183921813964851
2022-06-07,61.325050354003906
2022-06-08,60.799819946289063
2022-06-09,60.313800811767578
2022-06-10,59.286880493164063
2022-06-13,57.303596496582031
2022-06-14,57.679859161376953
2022-06-15,58.800853729248047
2022-06-16,57.867992401123047
2022-06-17,58.048309326171875
2022-06-21,58.009117126464851
2022-06-22,57.993434906005859
2022-06-23,58.408882141113281
2022-06-24,58.824371337890625
2022-06-27,58.463779449462891
2022-06-28,57.820968627929688
2022-06-29,57.734706878662109
2022-06-30,57.703372955322266
2022-07-01,58.2537841796875
2022-07-05,58.198657989501953
2022-07-06,57.978187561035149
2022-07-07,58.923099517822266
2022-07-08,58.970340728759766
2022-07-11,58.639633178710938
2022-07-12,58.875850677490234
2022-07-13,58.812862396240234
2022-07-14,58.702621459960938
2022-07-15,59.4506950378418
2022-07-18,58.875850677490234
2022-07-19,59.655403137207031
2022-07-20,59.915245056152344
2022-07-21,60.623950958251953
2022-07-22,60.545188903808594
2022-07-25,60.529460906982422
2022-07-26,60.104240417480469
2022-07-27,60.765678405761719
2022-07-28,61.387744903564453
2022-07-29,61.568840026855469
2022-08-01,61.587833404541016
2022-08-02,61.303241729736328
2022-08-03,61.840805053710938
2022-08-04,62.006778717041016
2022-08-05,61.690605163574219
2022-08-08,61.745922088623047
2022-08-09,61.287422180175781
2022-08-10,62.204414367675781
2022-08-11,61.848690032958984
2022-08-12,62.40203857421875
2022-08-15,62.291378021240234
2022-08-16,61.9988899230957
2022-08-17,61.358577728271491
2022-08-18,61.453449249267578
2022-08-19,60.828945159912109
2022-08-22,60.141208648681641
2022-08-23,60.291385650634766
2022-08-24,60.362545013427734
2022-08-25,60.931697845458984
2022-08-26,59.927764892578125
2022-08-29,59.698539733886719
2022-08-30,59.240032196044922
2022-08-31,58.915927886962891
2022-09-01,59.071624755859375
2022-09-02,59.031909942626953
2022-09-06,58.8730354309082
2022-09-07,59.723056793212891
2022-09-08,59.985198974609375
2022-09-09,60.223506927490234
2022-09-12,60.406234741210938
2022-09-13,59.031909942626953
2022-09-14,59.119304656982422
2022-09-15,58.745922088623047
2022-09-16,58.944534301757813
2022-09-19,59.166973114013672
2022-09-20,58.563209533691406
2022-09-21,58.388465881347656
2022-09-22,58.038909912109375
2022-09-23,57.300132751464851
2022-09-26,56.624885559082031
2022-09-27,56.505718231201172
2022-09-28,57.514610290527344
2022-09-29,56.974414825439453
2022-09-30,56.712253570556641
2022-10-03,57.455513000488281
2022-10-04,58.692909240722656
2022-10-05,58.461383819580078
2022-10-06,58.285762786865234
2022-10-07,57.575248718261719
2022-10-10,56.872726440429688
2022-10-11,57.0483512878418
2022-10-12,57.144172668457031
2022-10-13,57.271888732910163
2022-10-14,57.088272094726563
2022-10-17,57.790817260742188
2022-10-18,58.197948455810547
2022-10-19,57.639125823974609
2022-10-20,57.319797515869141
2022-10-21,57.870643615722656
2022-10-24,57.910572052001953
2022-10-25,58.469390869140625
2022-10-26,58.629032135009766
2022-10-27,59.060138702392578
2022-10-28,59.515193939208984
2022-10-31,58.621074676513672
2022-11-01,58.973674774169922
2022-11-02,58.436748504638672
2022-11-03,58.020023345947266
2022-11-04,58.42071533203125
2022-11-07,58.412704467773438
2022-11-08,58.356613159179688
2022-11-09,57.659389495849609
2022-11-10,59.454486846923828
2022-11-11,59.662860870361328
2022-11-14,59.222091674804688
2022-11-15,59.743000030517578
2022-11-16,59.614784240722656
2022-11-17,59.358329772949219
2022-11-18,59.486541748046875
2022-11-21,59.4625129699707
2022-11-22,59.895240783691406
2022-11-23,60.231853485107422
2022-11-25,60.111625671386719
2022-11-28,59.4785270690918
2022-11-29,59.735000610351563
2022-11-30,60.632553100585938
2022-12-01,60.857051849365234
2022-12-02,60.80877685546875
2022-12-05,60.229339599609375
2022-12-06,60.012050628662109
2022-12-07,60.342002868652344
2022-12-08,60.390293121337891
2022-12-09,60.390293121337891
2022-12-12,60.623672485351563
2022-12-13,61.251407623291016
2022-12-14,60.905353546142578
2022-12-15,60.675590515136719
2022-12-16,60.352001190185547
2022-12-19,60.044563293457031
2022-12-20,59.890876770019531
2022-12-21,60.400535583496094
2022-12-22,60.028392791748047
2022-12-23,60.182079315185547
2022-12-27,59.559162139892578
2022-12-28,58.75823974609375
2022-12-29,59.518703460693359
2022-12-30,59.567245483398438
2023-01-03,59.680496215820313
2023-01-04,60.368167877197266
2023-01-05,60.246822357177734
2023-01-06,61.104362487792969
2023-01-09,61.322799682617188
2023-01-10,61.250015258789063
2023-01-11,61.654506683349609
2023-01-12,62.002372741699219
2023-01-13,62.002372741699219
2023-01-17,61.792018890380859
2023-01-18,61.864841461181641
2023-01-19,61.500789642333984
2023-01-20,61.622135162353523
2023-01-23,61.614036560058594
2023-01-24,61.654506683349609
2023-01-25,61.646404266357422
2023-01-26,61.800121307373047
2023-01-27,61.614036560058594
2023-01-30,61.274250030517578
2023-01-31,61.751583099365234
2023-02-01,62.400299072265625
2023-02-02,62.75799560546875
2023-02-03,62.099514007568359
2023-02-06,61.701175689697266
2023-02-07,61.9206657409668
2023-02-08,61.660545349121094
2023-02-09,61.262184143066406
2023-02-10,60.790695190429688
2023-02-13,60.945148468017578
2023-02-14,60.961421966552734
2023-02-15,60.863842010498047
2023-02-16,60.376091003417969
2023-02-17,60.611843109130859
2023-02-21,59.677001953125
2023-02-22,60.067192077636719
2023-02-23,60.660621643066406
2023-02-24,60.2947998046875
2023-02-27,60.7012825012207
2023-02-28,60.587478637695313
2023-03-01,60.415695190429688
2023-03-02,60.48931884765625
2023-03-03,61.110889434814453
2023-03-06,61.110889434814453
2023-03-07,60.677417755126953
2023-03-08,60.391181945800781
2023-03-09,60.055862426757813
2023-03-10,60.064018249511719
2023-03-13,59.736900329589837
2023-03-14,60.170360565185547
2023-03-15,59.974063873291016
2023-03-16,60.366645812988281
2023-03-17,60.006763458251953
2023-03-20,59.843204498291016
2023-03-21,60.49749755859375
2023-03-22,60.554752349853523
2023-03-23,60.317584991455078
2023-03-24,60.194889068603523
2023-03-27,60.047676086425781
2023-03-28,60.014945983886719
2023-03-29,60.767406463623047
2023-03-30,61.127254486083984
2023-03-31,61.789756774902344
2023-04-03,61.742061614990234
2023-04-04,61.561325073242188
2023-04-05,61.216274261474609
2023-04-06,61.487380981445313
2023-04-10,61.42987060546875
2023-04-11,61.561325073242188
2023-04-12,61.544895172119141
2023-04-13,61.963912963867188
2023-04-14,61.848880767822266
2023-04-17,61.684585571289063
2023-04-18,61.725627899169922
2023-04-19,61.479164123535149
2023-04-20,61.421638488769531
2023-04-21,61.610610961914063
2023-04-24,61.783157348632813
2023-04-25,61.684585571289063
2023-04-26,61.4463005065918
2023-04-27,61.651699066162109
2023-04-28,61.914608001708984
2023-05-01,61.630752563476563
2023-05-02,61.5729866027832
2023-05-03,61.539981842041016
2023-05-04,61.358436584472656
2023-05-05,61.688499450683594
2023-05-08,61.515235900878906
2023-05-09,61.358436584472656
2023-05-10,61.729770660400391
2023-05-11,61.630752563476563
2023-05-12,61.407955169677734
2023-05-15,61.391456604003906
2023-05-16,60.962383270263672
2023-05-17,61.127407073974609
2023-05-18,61.160408020019531
2023-05-19,61.2264289855957
2023-05-22,61.498737335205078
2023-05-23,61.176933288574219
2023-05-24,60.747844696044922
2023-05-25,60.706596374511719
2023-05-26,61.077903747558594
2023-05-30,61.341945648193359
2023-05-31,61.152156829833984
2023-06-01,61.519454956054688
2023-06-02,61.834514617919922
2023-06-05,61.784782409667969
2023-06-06,61.88427734375
2023-06-07,61.544319152832031
2023-06-08,61.934005737304688
2023-06-09,61.950588226318359
2023-06-12,61.88427734375
2023-06-13,61.958877563476563
2023-06-14,61.983737945556641
2023-06-15,62.282249450683594
2023-06-16,62.124710083007813
2023-06-20,61.958877563476563
2023-06-21,61.801357269287109
2023-06-22,61.618953704833984
2023-06-23,61.511161804199219
2023-06-26,61.544319152832031
2023-06-27,61.751613616943359
2023-06-28,62.108119964599609
2023-06-29,61.942298889160163
2023-06-30,62.240760803222656
2023-07-03,62.143245697021491
2023-07-05,61.951534271240234
2023-07-06,61.501377105712891
2023-07-07,61.559745788574219
2023-07-10,61.868160247802734
2023-07-11,62.201595306396477
2023-07-12,62.685092926025391
2023-07-13,63.060184478759766
2023-07-14,62.601722717285149
2023-07-17,62.718421936035149
2023-07-18,62.893459320068359
2023-07-19,62.943477630615234
2023-07-20,62.668415069580078
2023-07-21,62.8267707824707
2023-07-24,62.718421936035149
2023-07-25,62.676727294921875
2023-07-26,62.926795959472656
2023-07-27,62.426662445068359
2023-07-28,62.78509521484375
2023-07-31,62.935161590576172
2023-08-01,62.623588562011719
2023-08-02,62.355552673339837
2023-08-03,62.154541015625
2023-08-04,62.523086547851563
2023-08-07,62.640342712402344
2023-08-08,62.774333953857422
2023-08-09,62.782730102539063
2023-08-10,62.765956878662109
2023-08-11,62.673828125
2023-08-14,62.665447235107422
2023-08-15,62.4644660949707
2023-08-16,62.271804809570313
2023-08-17,62.012180328369141
2023-08-18,62.054061889648438
2023-08-21,62.037311553955078
2023-08-22,62.070770263671875
2023-08-23,62.573356628417969
2023-08-24,62.229953765869141
2023-08-25,62.489585876464851
2023-08-28,62.724086761474609
2023-08-29,63.117725372314453
2023-08-30,63.092613220214851
2023-08-31,63.050712585449219
2023-09-01,63.169395446777344
2023-09-05,62.757061004638672
2023-09-06,62.6055908203125
2023-09-07,62.815971374511719
2023-09-08,62.790702819824219
2023-09-11,62.900115966796875
2023-09-12,62.799140930175781
2023-09-13,62.967426300048828
2023-09-14,63.043155670166016
2023-09-15,62.807529449462891
2023-09-18,62.849605560302734
2023-09-19,62.656078338623047
2023-09-20,62.6055908203125
2023-09-21,62.15960693359375
2023-09-22,62.269001007080078
2023-09-25,62.184852600097656
2023-09-26,61.91558837890625
2023-09-27,61.8314323425293
2023-09-28,62.125953674316406
2023-09-29,62.033393859863281
2023-10-02,61.6569709777832
2023-10-03,61.030998229980469
2023-10-04,61.344001770019531
2023-10-05,61.4032096862793
2023-10-06,61.487766265869141
2023-10-09,61.944564819335938
2023-10-10,61.927650451660163
2023-10-11,61.9192008972168
2023-10-12,61.589302062988281
2023-10-13,61.538547515869141
2023-10-16,61.521629333496094
2023-10-17,61.234031677246094
2023-10-18,60.937953948974609
2023-10-19,60.718002319335938
2023-10-20,60.844905853271491
2023-10-23,61.090236663818359
2023-10-24,61.4032096862793
2023-10-25,61.07330322265625
2023-10-26,61.284759521484375
2023-10-27,61.2086296081543
2023-10-30,61.225540161132813
2023-10-31,61.38629150390625
2023-11-01,61.971389770507813
2023-11-02,62.668746948242188
2023-11-03,63.281074523925781
2023-11-06,63.025920867919922
2023-11-07,63.034439086914063
2023-11-08,63.0684700012207
2023-11-09,62.67724609375
2023-11-10,62.983402252197266
2023-11-13,62.923866271972656
2023-11-14,63.56170654296875
2023-11-15,63.357589721679688
2023-11-16,63.4426383972168
2023-11-17,63.587203979492188
2023-11-20,63.655239105224609
2023-11-21,63.740287780761719
2023-11-22,63.850872039794922
2023-11-24,63.782787322998047
2023-11-27,63.876365661621094
2023-11-28,64.1570053100586
2023-11-29,64.505691528320313
2023-11-30,64.386634826660156
2023-12-01,64.9197006225586
2023-12-04,64.757400512695313
2023-12-05,64.817184448242188
2023-12-06,64.825752258300781
2023-12-07,64.936798095703125
2023-12-08,64.80865478515625
2023-12-11,64.765953063964844
2023-12-12,64.911163330078125
2023-12-13,65.9021987915039
2023-12-14,66.1932373046875
2023-12-15,66.047286987304688
2023-12-18,66.0902099609375
2023-12-19,66.279098510742188
2023-12-20,66.287673950195313
2023-12-21,66.588150024414063
2023-12-22,66.510894775390625
2023-12-26,66.639678955078125
2023-12-27,66.914382934570313
2023-12-28,66.69976806640625
2023-12-29,66.44219970703125
2024-01-02,66.2189712524414
2024-01-03,66.038711547851563
2024-01-04,65.781143188476563
2024-01-05,65.832649230957031
2024-01-08,66.2018051147461
2024-01-09,66.304824829101563
2024-01-10,66.4250259399414
2024-01-11,66.639678955078125
2024-01-12,66.7083511352539
2024-01-16,66.287673950195313
2024-01-17,66.004348754882813
2024-01-18,66.141716003417969
2024-01-19,66.253326416015625
2024-01-22,66.304824829101563
2024-01-23,66.227577209472656
2024-01-24,66.1932373046875
2024-01-25,66.69976806640625
2024-01-26,66.64825439453125
2024-01-29,66.7942123413086
2024-01-30,66.7083511352539
2024-01-31,66.519477844238281
2024-02-01,66.902580261230469
2024-02-02,66.600570678710938
2024-02-05,66.289962768554688
2024-02-06,66.531539916992188
2024-02-07,66.643714904785156
2024-02-08,66.609222412109375
2024-02-09,66.747261047363281
2024-02-12,66.600570678710938
2024-02-13,66.065628051757813
2024-02-14,66.324493408203125
2024-02-15,66.557441711425781
2024-02-16,66.359001159667969
2024-02-20,66.497055053710938
2024-02-21,66.376258850097656
2024-02-22,66.695480346679688
2024-02-23,66.738616943359375
2024-02-26,66.522933959960938
2024-02-27,66.609222412109375
2024-02-28,66.600570678710938
2024-02-29,66.721351623535156
2024-03-01,66.971282958984375
2024-03-04,66.953933715820313
2024-03-05,66.901847839355469
2024-03-06,67.066734313964844
2024-03-07,67.144813537597656
2024-03-08,67.162185668945313
2024-03-11,67.153480529785156
2024-03-12,67.2142562866211
2024-03-13,67.240280151367188
2024-03-14,66.919219970703125
2024-03-15,66.8758316040039
2024-03-18,67.032028198242188
2024-03-19,67.301010131835938
2024-03-20,67.526649475097656
2024-03-21,67.491897583007813
2024-03-22,67.422492980957031
2024-03-25,67.318367004394531
2024-03-26,67.240280151367188
2024-03-27,67.596038818359375
2024-03-28,67.448524475097656
2024-04-01,67.173789978027344
2024-04-02,67.0604248046875
2024-04-03,67.112747192382813
2024-04-04,67.0604248046875
2024-04-05,66.9993667602539
2024-04-08,67.156333923339844
2024-04-09,67.2959213256836
2024-04-10,66.702835083007813
2024-04-11,66.641799926757813
2024-04-12,66.606903076171875
2024-04-15,66.223136901855469
2024-04-16,66.0051040649414
2024-04-17,66.092315673828125
2024-04-18,66.144645690917969
2024-04-19,66.266754150390625
2024-04-22,66.633094787597656
2024-04-23,66.903427124023438
2024-04-24,66.755180358886719
2024-04-25,66.615615844726563
2024-04-26,66.824951171875
2024-04-29,67.025527954101563
2024-04-30,66.5371322631836
2024-05-01,66.887825012207031
2024-05-02,67.299896240234375
2024-05-03,67.580490112304688
2024-05-06,67.65936279296875
2024-05-07,67.66815185546875
2024-05-08,67.51031494140625
2024-05-09,67.527847290039063
2024-05-10,67.422653198242188
2024-05-13,67.405120849609375
2024-05-14,67.51031494140625
2024-05-15,67.90484619140625
2024-05-16,67.747055053710938
2024-05-17,67.75579833984375
2024-05-20,67.790901184082031
2024-05-21,67.738273620605469
2024-05-22,67.589225769042969
2024-05-23,67.352508544921875
2024-05-24,67.589225769042969
2024-05-28,67.317428588867188
2024-05-29,67.11578369140625
2024-05-30,67.387580871582031
2024-05-31,67.624313354492188
2024-06-03,67.8339614868164
2024-06-04,67.798698425292969
2024-06-05,68.018913269042969
2024-06-06,67.9044189453125
2024-06-07,67.728225708007813
2024-06-10,67.789901733398438
2024-06-11,67.878005981445313
2024-06-12,68.15106201171875
2024-06-13,68.1422348022461
2024-06-14,67.878005981445313
2024-06-17,67.922027587890625
2024-06-18,68.1334228515625
2024-06-20,68.089385986328125
2024-06-21,68.168647766113281
2024-06-24,68.098190307617188
2024-06-25,68.186271667480469
2024-06-26,68.036544799804688
2024-06-27,68.1158218383789
2024-06-28,67.948455810546875
2024-07-01,67.935165405273438
2024-07-02,68.121131896972656
2024-07-03,68.360221862792969
2024-07-05,68.563880920410156
2024-07-08,68.546150207519531
2024-07-09,68.4664535522461
2024-07-10,68.625862121582031
2024-07-11,68.873809814453125
2024-07-12,69.050888061523438
2024-07-15,69.059738159179688
2024-07-16,69.325393676757813
2024-07-17,69.2457046508789
2024-07-18,69.104042053222656
2024-07-19,69.050888061523438
2024-07-22,69.307693481445313
2024-07-23,69.316558837890625
2024-07-24,69.095176696777344
2024-07-25,69.104042053222656
2024-07-26,69.325393676757813
2024-07-29,69.263435363769531
2024-07-30,69.298843383789063
2024-07-31,69.546783447265625
2024-08-01,69.394569396972656
2024-08-02,69.163124084472656
2024-08-05,68.735870361328125
2024-08-06,68.994010925292969
2024-08-07,69.127517700195313
2024-08-08,69.412353515625
2024-08-09,69.403457641601563
2024-08-12,69.447967529296875
2024-08-13,69.768417358398438
2024-08-14,69.893035888671875
2024-08-15,69.955352783203125
2024-08-16,70.1778793334961
2024-08-19,70.2936019897461
2024-08-20,70.231292724609375
2024-08-21,70.391494750976563
2024-08-22,70.302505493164063
2024-08-23,70.676361083984375
2024-08-26,70.533935546875
2024-08-27,70.578445434570313
2024-08-28,70.5428466796875
2024-08-29,70.614044189453125
2024-08-30,70.622932434082031
2024-09-03,70.37249755859375
2024-09-04,70.631874084472656
2024-09-05,70.873382568359375
2024-09-06,70.783935546875
2024-09-09,70.953865051269531
2024-09-10,70.819732666015625
2024-09-11,70.927055358886719
2024-09-12,71.025421142578125
2024-09-13,71.222198486328125
2024-09-16,71.401092529296875
2024-09-17,71.418975830078125
2024-09-18,71.4815673828125
2024-09-19,71.696243286132813
2024-09-20,71.785682678222656
2024-09-23,71.651535034179688
2024-09-24,71.660446166992188
2024-09-25,71.579963684082031
2024-09-26,71.696243286132813
2024-09-27,71.875129699707031
2024-09-30,71.82147216796875
2024-10-01,71.785491943359375
2024-10-02,71.79449462890625
2024-10-03,71.623741149902344
2024-10-04,71.542831420898438
2024-10-07,71.237258911132813
2024-10-08,71.408027648925781
2024-10-09,71.363082885742188
2024-10-10,71.327110290527344
2024-10-11,71.515876770019531
2024-10-14,71.551811218261719
2024-10-15,71.533851623535156
2024-10-16,71.659675598144531
2024-10-17,71.551811218261719
2024-10-18,71.722618103027344
2024-10-21,71.434989929199219
2024-10-22,71.336112976074219
2024-10-23,71.120391845703125
2024-10-24,71.327110290527344
2024-10-25,71.255233764648438
2024-10-28,71.434989929199219
2024-10-29,71.452957153320313
2024-10-30,71.327110290527344
2024-10-31,71.129402160644531
2024-11-01,71.1339111328125
2024-11-04,71.3326416015625
2024-11-05,71.531364440917969
2024-11-06,71.657821655273438
2024-11-07,71.964927673339844
2024-11-08,72.082366943359375
2024-11-11,72.001060485839844
2024-11-12,71.712020874023438
2024-11-13,71.730087280273438
2024-11-14,71.576530456542969
2024-11-15,71.567497253417969
2024-11-18,71.702972412109375
2024-11-19,71.811370849609375
2024-11-20,71.793327331542969
2024-11-21,71.820404052734375
2024-11-22,71.802352905273438
2024-11-25,72.0733413696289
2024-11-26,71.9378433227539
2024-11-27,72.154624938964844
2024-11-29,72.299156188964844
2024-12-02,72.272842407226563
2024-12-03,72.272842407226563
2024-12-04,72.445236206054688
2024-12-05,72.381729125976563
2024-12-06,72.499679565429688
2024-12-09,72.408935546875
2024-12-10,72.445236206054688
2024-12-11,72.463394165039063
2024-12-12,72.263778686523438
2024-12-13,72.055068969726563
2024-12-16,72.191162109375
2024-12-17,72.036933898925781
2024-12-18,71.297233581542969
2024-12-19,71.2242660522461
2024-12-20,71.671173095703125
2024-12-23,71.479629516601563
2024-12-24,71.7076644897461
2024-12-26,71.890083312988281
2024-12-27,71.643829345703125
2024-12-30,71.744155883789063
2024-12-31,71.735031127929688
2025-01-02,71.908317565917969
2025-01-03,72.017776489257813
2025-01-06,72.145439147949219
2025-01-07,71.908317565917969
2025-01-08,71.999542236328125
2025-01-10,71.625579833984375
2025-01-13,71.607330322265625
2025-01-14,71.698562622070313
2025-01-15,72.327880859375
2025-01-16,72.40997314453125
2025-01-17,72.47381591796875
2025-01-21,72.665336608886719
2025-01-22,72.565010070800781
2025-01-23,72.656234741210938
2025-01-24,72.738311767578125
2025-01-27,72.79302978515625
2025-01-28,72.765670776367188
2025-01-29,72.720085144042969
2025-01-30,72.856887817382813
2025-01-31,72.710968017578125
2025-02-03,72.619346618652344
2025-02-04,72.848373413085938
2025-02-05,73.040779113769531
2025-02-06,72.93084716796875
2025-02-07,72.701797485351563
2025-02-10,72.848373413085938
2025-02-11,72.820907592773438
2025-02-12,72.665153503417969
2025-02-13,72.9949951171875
2025-02-14,73.077445983886719
2025-02-18,73.013298034667969
2025-02-19,73.0682601928711
2025-02-20,73.114089965820313
2025-02-21,72.976654052734375
2025-02-24,73.0682601928711
2025-02-25,73.251518249511719
2025-02-26,73.352302551269531
2025-02-27,73.214889526367188
2025-02-28,73.416427612304688
2025-03-03,73.263656616210938
2025-03-04,73.254425048828125
2025-03-05,73.291252136230469
2025-03-06,73.015090942382813
2025-03-07,73.134757995605469
2025-03-10,72.858604431152344
2025-03-11,72.600875854492188
2025-03-12,72.683708190917969
2025-03-13,72.278694152832031
2025-03-14,72.610069274902344
2025-03-17,72.78497314453125
2025-03-18,72.656089782714844
2025-03-19,73.134757995605469
2025-03-20,73.03350830078125
2025-03-21,72.923049926757813
2025-03-24,73.134757995605469
2025-03-25,73.097930908203125
2025-03-26,72.8033676147461
2025-03-27,72.665298461914063
2025-03-28,72.536422729492188
2025-03-31,72.619277954101563
2025-04-01,72.7876205444336
2025-04-02,72.935623168945313
2025-04-03,72.029129028320313
2025-04-04,71.002395629882813
2025-04-07,70.391891479492188
2025-04-08,70.068153381347656
2025-04-09,71.945877075195313
2025-04-10,70.771133422851563
2025-04-11,70.98388671875
2025-04-14,71.335380554199219
2025-04-15,71.5296401977539
2025-04-16,71.5203857421875
2025-04-17,71.936630249023438
2025-04-21,71.511138916015625
2025-04-22,71.78863525390625
2025-04-23,72.149368286132813
2025-04-24,72.7968521118164
2025-04-25,72.861625671386719
2025-04-28,72.898612976074219
2025-04-29,73.092864990234375
2025-04-30,72.704383850097656
2025-05-01,72.79827880859375
2025-05-02,73.021408081054688
2025-05-05,72.9935302734375
2025-05-06,72.937713623046875
2025-05-07,73.002822875976563
2025-05-08,72.984207153320313
2025-05-09,73.03070068359375
2025-05-12,73.755897521972656
2025-05-13,73.886077880859375
2025-05-14,73.616447448730469
2025-05-15,73.755897521972656
2025-05-16,73.8395767211914
2025-05-19,73.802383422851563
2025-05-20,73.76519775390625
2025-05-21,73.2724380493164
2025-05-22,73.421188354492188
2025-05-23,73.402603149414063
2025-05-27,73.848869323730469
2025-05-28,73.802383422851563
2025-05-29,73.913978576660156
2025-05-30,73.979049682617188
2025-06-02,73.965972900390625
2025-06-03,74.1060791015625
2025-06-04,74.246208190917969
2025-06-05,74.08740234375
2025-06-06,74.078071594238281
2025-06-09,74.115425109863281
2025-06-10,74.29290771484375
2025-06-11,74.274223327636719
2025-06-12,74.3582992553711
2025-06-13,74.134101867675781
2025-06-16,74.283561706542969
2025-06-17,74.199501037597656
2025-06-18,74.311599731445313
2025-06-20,74.545127868652344
2025-06-23,74.685249328613281
2025-06-24,74.890777587890625
2025-06-25,74.8720932006836
2025-06-26,75.086944580078125
2025-06-27,75.049560546875
2025-06-30,75.339157104492188
2025-07-01,75.244377136230469
2025-07-02,75.385147094726563
2025-07-03,75.432083129882813
2025-07-07,75.178665161132813
2025-07-08,75.075408935546875
2025-07-09,75.281898498535156
2025-07-10,75.2068099975586
2025-07-11,75.112983703613281
2025-07-14,75.169273376464844
2025-07-15,74.94403076171875
2025-07-16,75.141120910644531
2025-07-17,75.216194152832031
2025-07-18,75.319450378417969
2025-07-21,75.422698974609375
2025-07-22,75.5541000366211
2025-07-23,75.591629028320313
2025-07-24,75.497772216796875
2025-07-25,75.544692993164063
2025-07-28,75.507164001464844
2025-07-29,75.5541000366211
2025-07-30,75.394523620605469
2025-07-31,75.441459655761719
2025-08-01,75.445236206054688
2025-08-04,75.6999282836914
2025-08-05,75.662185668945313
2025-08-06,75.737663269042969
2025-08-07,75.662185668945313
2025-08-08,75.671638488769531
2025-08-11,75.671638488769531
2025-08-12,75.841423034667969
2025-08-13,76.039512634277344
2025-08-14,75.841423034667969
2025-08-15,75.898025512695313
2025-08-18,75.841423034667969
2025-08-19,75.822540283203125
2025-08-20,75.79425048828125
2025-08-21,75.652748107910156
2025-08-22,76.265899658203125
2025-08-25,76.114982604980469
2025-08-26,76.284782409667969
2025-08-27,76.379104614257813
2025-08-28,76.416824340820313
2025-08-29,76.275337219238281
2025-09-02,76.192878723144531
2025-09-03,76.401397705078125
2025-09-04,76.609916687011719
2025-09-05,76.647819519042969
2025-09-08,76.647819519042969
2025-09-09,76.5625228881836
2025-09-10,76.619392395019531
2025-09-11,76.8089599609375
2025-09-12,76.733123779296875
2025-09-15,76.951126098632813
2025-09-16,76.894241333007813
2025-09-17,76.818435668945313
2025-09-18,76.989028930664063
2025-09-19,77.0174560546875
2025-09-22,77.074333190917969
2025-09-23,77.0174560546875
2025-09-24,76.913200378417969
2025-09-25,76.695205688476563
2025-09-26,76.846847534179688
2025-09-29,76.979545593261719
2025-09-30,76.951126098632813
2025-10-01,77.094902038574219
2025-10-02,77.06634521484375
2025-10-03,76.980636596679688
2025-10-06,76.999679565429688
2025-10-07,76.913970947265625
2025-10-08,76.799713134765625
2025-10-09,76.580673217773438
2025-10-10,76.133132934570313
2025-10-13,76.609245300292969
2025-10-14,76.694961547851563
2025-10-15,76.942558288574219
2025-10-16,76.6663818359375
2025-10-17,76.8663558959961
2025-10-20,77.018714904785156
2025-10-21,76.904449462890625
2025-10-22,76.828262329101563
2025-10-23,76.999679565429688
2025-10-24,77.20916748046875
2025-10-27,77.399620056152344
2025-10-28,77.323448181152344
2025-10-29,77.085380554199219
2025-10-30,76.942558288574219
2025-10-31,76.942558288574219
2025-11-03,76.703254699707031
2025-11-04,76.71282958984375
2025-11-05,76.7894058227539
2025-11-06,76.818122863769531
2025-11-07,76.885124206542969
2025-11-10,77.143547058105469
2025-11-11,77.22967529296875
2025-11-12,77.0765380859375
2025-11-13,76.76068115234375
2025-11-14,76.779830932617188
2025-11-17,76.655410766601563
2025-11-18,76.674545288085938
2025-11-19,76.71282958984375
2025-11-20,76.66497802734375
2025-11-21,76.92340087890625
2025-11-24,77.133964538574219
2025-11-25,77.401962280273438
2025-11-26,77.478530883789063
2025-11-28,77.5168228149414
2025-12-01,77.377388000488281
2025-12-02,77.521621704101563
2025-12-03,77.58892822265625
2025-12-04,77.646614074707031
2025-12-05,77.646614074707031
2025-12-08,77.4543228149414
2025-12-09,77.367759704589844
2025-12-10,77.627388000488281
2025-12-11,77.617782592773438
2025-12-12,77.473541259765625
2025-12-15,77.512001037597656
2025-12-16,77.560089111328125
2025-12-17,77.463935852050781
2025-12-18,77.67547607421875
2025-12-19,77.6377944946289
2025-12-22,77.705429077148438
2025-12-23,77.763389587402344
2025-12-24,77.9083023071289
2025-12-26,77.869667053222656
2025-12-29,77.898635864257813
2025-12-30,77.975936889648438
2025-12-31,77.898635864257813
2026-01-02,77.937286376953125
2026-01-05,78.140167236328125
2026-01-06,78.159507751464844
2026-01-07,78.140167236328125
2026-01-08,78.1981430053711
2026-01-09,78.256103515625
2026-01-12,78.294761657714844
2026-01-13,78.294761657714844
2026-01-14,78.294761657714844
2026-01-15,78.294761657714844
2026-01-16,78.343055725097656
2026-01-20,78.140167236328125
2026-01-21,78.3720474243164
2026-01-22,78.430015563964844
2026-01-23,78.3913803100586
2026-01-26,78.430015563964844
2026-01-27,78.420356750488281
2026-01-28,78.294761657714844
2026-01-29,78.28509521484375
2026-01-30,78.3720474243164
2026-02-02,78.419624328613281
2026-02-03,78.371078491210938
2026-02-04,78.273979187011719
2026-02-05,78.186607360839844
2026-02-06,78.458457946777344
2026-02-09,78.565254211425781
2026-02-10,78.487586975097656
2026-02-11,78.4778823852539
2026-02-12,78.439041137695313
2026-02-13,78.4972915649414
2026-02-17,78.458457946777344
2026-02-18,78.555549621582031
2026-02-19,78.584671020507813
2026-02-20,78.6429214477539
2026-02-23,78.516716003417969
2026-02-24,78.458457946777344
2026-02-25,78.565254211425781
2026-02-26,78.4972915649414
2026-02-27,78.371078491210938
2026-03-02,78.3261947631836
2026-03-03,78.170097351074219
2026-03-04,78.443283081054688
2026-03-05,78.131065368652344
2026-03-06,77.750556945800781
2026-03-09,78.218864440917969
2026-03-10,78.092041015625
2026-03-11,77.916419982910156
2026-03-12,77.418830871582031
2026-03-13,77.272476196289063
2026-03-16,77.516395568847656
2026-03-17,77.867630004882813
2026-03-18,77.467613220214844
2026-03-19,77.7212905883789
2026-03-20,76.999298095703125
2026-03-23,77.506637573242188
2026-03-24,77.243209838867188
2026-03-25,77.487113952636719
2026-03-26,76.999298095703125
2026-03-27,76.804168701171875
2026-03-30,76.891975402832031
2026-03-31,77.62371826171875
2026-04-01,77.813911437988281
2026-04-02,78.00018310546875
2026-04-06,78.137443542480469
2026-04-07,78.157058715820313
2026-04-08,78.617843627929688
2026-04-09,78.7060775756836
2026-04-10,78.392349243164063
2026-04-13,78.686470031738281
2026-04-14,78.921768188476563
2026-04-15,78.8825454711914
2026-04-16,78.774696350097656
2026-04-17,79.0688247680664
2026-04-20,79.000198364257813
2026-04-21,78.7943115234375
2026-04-22,78.921768188476563
2026-04-23,78.7943115234375
2026-04-24,78.90216064453125
2026-04-27,78.931571960449219
2026-04-28,78.82373046875
2026-04-29,78.559013366699219
2026-04-30,78.804115295410156
2026-05-01,78.901679992675781
2026-05-04,78.64544677734375
2026-05-05,78.763710021972656
2026-05-06,79.000236511230469
2026-05-07,78.704582214355469
2026-05-08,78.980522155761719
2026-05-11,78.822837829589844
2026-05-12,78.714431762695313
2026-05-13,78.753852844238281
2026-05-14,78.694717407226563
2026-05-15,78.31036376953125
2026-05-18,78.389198303222656
2026-05-19,78.201950073242188
2026-05-20,78.704582214355469
2026-05-21,78.744003295898438
2026-05-22,78.753852844238281
2026-05-26,79.019943237304688
2026-05-27,78.970672607421875
2026-05-28,79.069229125976563
2026-05-29,79.148063659667969
2026-06-01,79.087631225585938
2026-06-02,79.147079467773438
2026-06-03,78.929145812988281
2026-06-04,79.0777359008789
2026-06-05,78.681503295898438
2026-06-08,78.790458679199219
2026-06-09,78.869712829589844
2026-06-10,78.72113037109375
2026-06-11,79.186698913574219
2026-06-12,79.186698913574219
2026-06-15,79.285751342773438
2026-06-16,79.275848388671875
2026-06-17,78.978683471679688
2026-06-18,79.256034851074219
2026-06-22,79.186698913574219
2026-06-23,79.117355346679688
2026-06-24,79.097541809082031
2026-06-25,79.12725830078125
2026-06-26,79.0777359008789
2026-06-29,79.256034851074219
2026-06-30,79.2164077758789
2026-07-01,79.205459594726563
2026-07-02,79.324882507324219
2026-07-06,79.484115600585938
2026-07-07,79.374649047851563
2026-07-08,79.275131225585938
2026-07-09,79.364692687988281
2026-07-10,79.324882507324219
2026-07-13,79.13580322265625
2026-07-14,79.295028686523438
2026-07-15,79.424400329589844
